NAME,EMAIL,ADDRESS,DATE
Bryant Moen,Jack.Cronin4@gmail.com,4801 Stanton Port,2024-03-21
Marlene Willms,Delmer.Rohan@yahoo.com,4536 Brenna Streets,2024-02-15
Oscar Ankunding,Yvonne_Greenfelder30@gmail.com,83308 Klocko Throughway,2024-04-05
Karl Little V,Bennie.Medhurst@hotmail.com,58060 Nolan Circle,2023-05-25
Katherine Kiehn,Thomas_OConner@yahoo.com,6896 Ed Pine,2023-12-02
Mildred Fay,Mozelle68@yahoo.com,85621 Metz Landing,2023-04-24
Tamara Wolf,Lessie76@hotmail.com,40427 Main Street W,2024-04-07
Christie Williamson,Judah70@hotmail.com,745 Gulgowski Lock,2024-01-09
Eddie Block,Marley.Luettgen@yahoo.com,851 Manor Gardens,2023-12-04
Ismael Senger,Jacinthe_Lemke74@gmail.com,37269 Bergnaum Ways,2024-02-24
Mrs. Maria Fay,Bulah21@gmail.com,98795 Amos Heights,2023-08-04
William Luettgen,Leo48@yahoo.com,75702 Annamae Rapid,2023-10-31
Micheal Lebsack,Elisha91@hotmail.com,4019 Martin Luther King Jr Boulevard,2023-09-18
Van Wiegand,Ricardo54@yahoo.com,32459 Waters Port,2023-09-17
